<?xml version="1.0" encoding="UTF-8"?>
<project-private xmlns="http://www.netbeans.org/ns/project-private/1">
    <editor-bookmarks xmlns="http://www.netbeans.org/ns/editor-bookmarks/2" lastBookmarkId="0"/>
    <open-files xmlns="http://www.netbeans.org/ns/projectui-open-files/2">
        <group>
            <file>file:/Users/zuldyz/NetBeansProjects/FileSharing/src/filesharing/FileTracker.java</file>
            <file>file:/Users/zuldyz/NetBeansProjects/FileSharing/src/filesharing/RequestHandler.java</file>
            <file>file:/Users/zuldyz/NetBeansProjects/FileSharing/src/filesharing/Client.java</file>
            <file>file:/Users/zuldyz/NetBeansProjects/FileSharing/src/filesharing/PeerHandler.java</file>
            <file>file:/Users/zuldyz/NetBeansProjects/FileSharing/src/filesharing/Peer.java</file>
        </group>
    </open-files>
</project-private>
